sample_no,sample_id,item_id,workflow,response_model,constraint_slot,constraint_index,constraint
1,E3-test_0037-1,test_0037,Risk and Compliance Review,Qwen3.5-27B,1,3,Base all content solely on the two supplied materials.
1,E3-test_0037-2,test_0037,Risk and Compliance Review,Qwen3.5-27B,2,11,"Preserve the exact rule terms, section names, and drafting principles from the governing standard without alteration."
1,E3-test_0037-3,test_0037,Risk and Compliance Review,Qwen3.5-27B,3,1,"Write the brief in neutral, audit-ready language that distinguishes mandatory requirements from non-binding guidance."
2,E3-test_0229-1,test_0229,Risk and Compliance Review,Qwen3.5-27B,1,15,"Do not treat contractual relief as proof of effective mortgage monitoring, and do not treat an unresolved eligibility question as a corrective-action trigger."
2,E3-test_0229-2,test_0229,Risk and Compliance Review,Qwen3.5-27B,2,6,"For Appendix B, separate the security-and-confidentiality contract grandfathering from the consumer-information disposal provisions."
2,E3-test_0229-3,test_0229,Risk and Compliance Review,Qwen3.5-27B,3,5,"Keep Appendix B, Appendix C.F, and the opening paragraphs of Appendix D distinguishable; preserve their operative language differences (e.g., “must,” “should,” “OCC expects”); and distinguish analyst-recommended records from documents expressly required by the excerpts."
3,E3-test_0269-1,test_0269,Decision and Structuring,Qwen3.5-27B,1,19,"Do not infer borrower-level repayment behavior, cross-lender indebtedness, or causality from portfolio aggregates."
3,E3-test_0269-2,test_0269,Decision and Structuring,Qwen3.5-27B,2,23,Do not invent numerical acceptance thresholds for the decision gates or diligence requests.
3,E3-test_0269-3,test_0269,Decision and Structuring,Qwen3.5-27B,3,1,"Provide a recommendation on whether to advance into detailed design and propose a provisional credit structure, clearly distinguishing evidence sufficient for design work from evidence sufficient to approve a pilot or commit lending capital."
4,E3-test_0041-1,test_0041,"Execution, Monitoring, Reporting, and Operations",Qwen3.5-27B,1,4,"Use only the status values ""In scope"", ""Out of scope"", or ""Conditional"" for each retirement-plan category."
4,E3-test_0041-2,test_0041,"Execution, Monitoring, Reporting, and Operations",Qwen3.5-27B,2,14,"For every plan category in the scope table, cite the exact source language establishing the administrator and the election condition, including the Pentegra Defined Benefit Plan language for OTS transferees and the Federal Reserve System retirement program election language."
4,E3-test_0041-3,test_0041,"Execution, Monitoring, Reporting, and Operations",Qwen3.5-27B,3,3,"Use the exact label ""Reporting scope status:"" once for the overall scope conclusion."
5,E3-test_0200-1,test_0200,Research and Due Diligence,Qwen3.5-27B,1,12,"For each consecutive pair of common endpoints, calculate the change in CashAndCashEquivalentsAtCarryingValue, compare it to the later period’s signed sum of NetCashProvidedByUsedInOperatingActivities, NetCashProvidedByUsedInInvestingActivities, and NetCashProvidedByUsedInFinancingActivities, and compute the residual as cash-balance change minus that activity sum."
5,E3-test_0200-2,test_0200,Research and Due Diligence,Qwen3.5-27B,2,2,"Retain the source’s annual 10-K designation; do not infer period start dates, reclassify columns as quarters, or aggregate unmatched income-statement columns."
5,E3-test_0200-3,test_0200,Research and Due Diligence,Qwen3.5-27B,3,16,Retain full precision in calculations; present dollar results in USD and cash-conversion ratios to two decimals.
6,E3-test_0240-1,test_0240,"Execution, Monitoring, Reporting, and Operations",Qwen3.5-27B,1,8,Identify each reported input by XBRL concept and date.
6,E3-test_0240-2,test_0240,"Execution, Monitoring, Reporting, and Operations",Qwen3.5-27B,2,2,Focus analysis on fiscal endpoints 2024-12-31 and 2025-12-31.
6,E3-test_0240-3,test_0240,"Execution, Monitoring, Reporting, and Operations",Qwen3.5-27B,3,10,Perform calculations in USD.
7,E3-test_0014-1,test_0014,Research and Due Diligence,Qwen3.5-27B,1,2,"Structure the brief with exactly four level-2 headings, in order: Source Evidence; Recalculation and Cross-Statement Checks; Comparison and Timing; Open Evidence and Conclusion."
7,E3-test_0014-2,test_0014,Research and Due Diligence,Qwen3.5-27B,2,14,"Do not use the words approved, closed, or reconciled anywhere in the brief."
7,E3-test_0014-3,test_0014,Research and Due Diligence,Qwen3.5-27B,3,10,"For FY end 2025-12-28, calculate net working capital as AssetsCurrent minus LiabilitiesCurrent, showing the formula, both inputs, and the USD result."
8,E3-test_0018-1,test_0018,Decision and Structuring,Qwen3.5-27B,1,3,"Structure the brief with level-2 headings, in order: Evidence Inventory; Sufficiency Assessment; Decision; Open Items"
8,E3-test_0018-2,test_0018,Decision and Structuring,Qwen3.5-27B,2,7,"In Sufficiency Assessment, classify each decision element as 'Supported', 'Unsupported', or 'Not Determinable' based on whether the supplied Appendix B evidence provides the required provision, trigger, or notice content item"
8,E3-test_0018-3,test_0018,Decision and Structuring,Qwen3.5-27B,3,14,Do not state that customer notification is required or that the institution has fulfilled its duty when the supplied evidence is insufficient to establish the misuse trigger or the notice content elements
9,E3-test_0016-1,test_0016,Decision and Structuring,Qwen3.5-27B,1,9,Identify any mismatch between the FY2026 reported cash position and the current-asset composition as Unresolved.
9,E3-test_0016-2,test_0016,Decision and Structuring,Qwen3.5-27B,2,2,Use only the supplied annual 10-K balance-sheet and cash-flow materials as sources.
9,E3-test_0016-3,test_0016,Decision and Structuring,Qwen3.5-27B,3,3,Begin with a one-sentence statement identifying the strongest cash-generation scenario among the four fiscal years.
10,E3-test_0140-1,test_0140,Decision and Structuring,Qwen3.5-27B,1,21,Cite the supporting subsection or numbered paragraph for each source-based conclusion.
10,E3-test_0140-2,test_0140,Decision and Structuring,Qwen3.5-27B,2,13,"Set out the asset test’s reporting sources, comparison period, numerator and denominator bases, and threshold without performing any institution-specific calculation."
10,E3-test_0140-3,test_0140,Decision and Structuring,Qwen3.5-27B,3,11,Use Appendix D as a decision gate for the unmodified-parent framework option.
11,E3-test_0030-1,test_0030,Risk and Compliance Review,Qwen3.5-27B,1,11,Keep the full brief between 220 and 320 whitespace-separated words.
11,E3-test_0030-2,test_0030,Risk and Compliance Review,Qwen3.5-27B,2,1,"Structure the brief with level-2 headings in this exact order: Precedence Rule, Threshold Test, Maturity Window, Exception Classification, Open Items."
11,E3-test_0030-3,test_0030,Risk and Compliance Review,Qwen3.5-27B,3,6,"Under Maturity Window, state the maturity range from the passage."
12,E3-test_0224-1,test_0224,Research and Due Diligence,Qwen3.5-27B,1,25,"Do not infer a nominal series, an inflation base year, cross-lender borrower behavior, or causality from the excerpt."
12,E3-test_0224-2,test_0224,Research and Due Diligence,Qwen3.5-27B,2,10,Explicitly treat the dollar denominator for monetary ratios as an analyst specification rather than a formula defined by the excerpt.
12,E3-test_0224-3,test_0224,Research and Due Diligence,Qwen3.5-27B,3,14,Do not convert a dollar-based ratio into a loan-count incidence measure.
13,E3-test_0222-1,test_0222,Intake and Profiling,Qwen3.5-27B,1,0,Use only the content of page 6 of SBA Form 1919 (02/2025) as the source.
13,E3-test_0222-2,test_0222,Intake and Profiling,Qwen3.5-27B,2,15,Distinguish a source-stated ineligibility outcome from a condition or stipulation needing further review; do not create an automatic-decline rule.
13,E3-test_0222-3,test_0222,Intake and Profiling,Qwen3.5-27B,3,2,"Treat this as a prospective mapping exercise with no borrower application, responses, attachments, or acknowledgments supplied."
14,E3-test_0187-1,test_0187,Research and Due Diligence,Qwen3.5-27B,1,10,"Compute a free-cash-flow proxy as operating cash flow minus payments to acquire property, plant and equipment, and label it as an analyst proxy, not a reported measure."
14,E3-test_0187-2,test_0187,Research and Due Diligence,Qwen3.5-27B,2,17,"Use the calculated results and earnings-to-cash gaps to assess consistency between profitability and cash generation; do not infer working-capital movements, noncash charges, or recurring earnings quality from the selected lines alone."
14,E3-test_0187-3,test_0187,Research and Due Diligence,Qwen3.5-27B,3,14,"Quantify 2025 vs 2024 dollar changes in net income, operating cash flow, and the free-cash-flow proxy."
15,E3-test_0001-1,test_0001,Intake and Profiling,Qwen3.5-27B,1,5,"Organize with level-2 headings, in order: Yes-Answer Attachment Triggers; Applicant Certification Conditions; Lender Certification Prerequisites; Threshold and Time-Window Tests; Missing Evidence and Open Items."
15,E3-test_0001-2,test_0001,Intake and Profiling,Qwen3.5-27B,2,13,"For the 60-day child-support delinquency and 24-month active-participation conditions, identify the measurement window, state the source dates, and mark whether the forms provide any date from which timeliness can be calculated."
15,E3-test_0001-3,test_0001,Intake and Profiling,Qwen3.5-27B,3,17,Keep the brief between 500 and 650 whitespace-separated words.
16,E3-test_0174-1,test_0174,"Execution, Monitoring, Reporting, and Operations",Qwen3.5-27B,1,16,Keep historical enrollment timing separate from FY 2025 reporting.
16,E3-test_0174-2,test_0174,"Execution, Monitoring, Reporting, and Operations",Qwen3.5-27B,2,3,Show where payment responsibility differs from responsibility for reporting plan-level amounts and do not assume these categories are mutually exclusive.
16,E3-test_0174-3,test_0174,"Execution, Monitoring, Reporting, and Operations",Qwen3.5-27B,3,27,Label proposed evidence requests and controls as recommendations.
17,E3-test_0270-1,test_0270,Risk and Compliance Review,Qwen3.5-27B,1,24,Show the formulas and denominators used in the percentage and height-change comparisons.
17,E3-test_0270-2,test_0270,Risk and Compliance Review,Qwen3.5-27B,2,29,Conclude with a conditional page-level acceptance recommendation derived from the mapping and numerical check.
17,E3-test_0270-3,test_0270,Risk and Compliance Review,Qwen3.5-27B,3,28,Ensure the recommended chart specification respects the source’s qualified advice about baselines.
18,E3-test_0076-1,test_0076,Decision and Structuring,Qwen3.5-27B,1,17,Explain which coverage gaps drive the recommendation and which approval or escalation safeguards must be in place before implementation.
18,E3-test_0076-2,test_0076,Decision and Structuring,Qwen3.5-27B,2,20,"End with unresolved questions limited to the matrix’s triggers, decision criteria, responsibilities, evidence, and escalation routes."
18,E3-test_0076-3,test_0076,Decision and Structuring,Qwen3.5-27B,3,21,"Distinguish missing source detail, proposed policy choices, and evidence to be collected for future loan reviews."
19,E3-test_0009-1,test_0009,Intake and Profiling,Qwen3.5-27B,1,15,Do not infer any missing demographic data.
19,E3-test_0009-2,test_0009,Intake and Profiling,Qwen3.5-27B,2,14,"Document SBA Form 1919 owner-profile fields, including owner legal name and owner position, and mark each field as Complete, Blank, or Not Applicable based solely on the supplied packet."
19,E3-test_0009-3,test_0009,Intake and Profiling,Qwen3.5-27B,3,18,"Present exactly one condition-assessment table with columns: condition, governing standard or form section, required evidence, status, and decision, sorted by decision impact from highest to lowest blocking effect."
20,E3-test_0220-1,test_0220,Decision and Structuring,Qwen3.5-27B,1,6,"Where the excerpt lacks a complete release standard, identify the specific unresolved element; do not invent a release criterion."
20,E3-test_0220-2,test_0220,Decision and Structuring,Qwen3.5-27B,2,19,"Propose a source-validation gate for using the matrix live, clearly labeled as your recommendation rather than an SBA requirement."
20,E3-test_0220-3,test_0220,Decision and Structuring,Qwen3.5-27B,3,1,"Treat this as a checklist design exercise; do not conduct a borrower review or infer application answers, signatures, attachments, eligibility findings, or approval authority from blank form language."
21,E3-test_0087-1,test_0087,Decision and Structuring,Qwen3.5-27B,1,9,"Alongside the baseline measures, compare year-end cash, working capital, and the current ratio."
21,E3-test_0087-2,test_0087,Decision and Structuring,Qwen3.5-27B,2,16,"In the recent-pattern case, repeat the year-2026 signed investing and financing cash flows."
21,E3-test_0087-3,test_0087,Decision and Structuring,Qwen3.5-27B,3,18,"Characterize the investing/financing substitutions as analytical assumptions, not forecasts, reconstructed historical results, or evidence management can recreate either mix."
22,E3-test_0169-1,test_0169,"Execution, Monitoring, Reporting, and Operations",Qwen3.5-27B,1,10,Calculate revenue growth and gross-margin comparisons only if both selected endpoints pass the gross-profit arithmetic test; otherwise mark those measures unresolved without substituting another period.
22,E3-test_0169-2,test_0169,"Execution, Monitoring, Reporting, and Operations",Qwen3.5-27B,2,7,"Treat missing values as unavailable, not zero."
22,E3-test_0169-3,test_0169,"Execution, Monitoring, Reporting, and Operations",Qwen3.5-27B,3,17,"Make each calculation traceable to its formula, source table, reported concept, and fiscal endpoint."
23,E3-test_0013-1,test_0013,Research and Due Diligence,Qwen3.5-27B,1,14,Close with a Next action line stating the single most material unresolved reporting observation from the five-year comparison and the specific figure requiring follow-up.
23,E3-test_0013-2,test_0013,Research and Due Diligence,Qwen3.5-27B,2,4,Apply the fiscal year-end dates 2021-12-31 through 2025-12-31 consistently to every balance sheet and cash flow figure.
23,E3-test_0013-3,test_0013,Research and Due Diligence,Qwen3.5-27B,3,10,"Label any requested figure or comparison that cannot be established from the supplied materials as Not Determinable, without estimating or importing outside data."
24,E3-test_0056-1,test_0056,Intake and Profiling,Qwen3.5-27B,1,14,Separate SBA’s financial-record access and certification responsibilities from items the applicant is expressly required to provide.
24,E3-test_0056-2,test_0056,Intake and Profiling,Qwen3.5-27B,2,6,"Limit the review scope to: Form 1920 provisions on ROBS, ESOP, general eligibility, credit elsewhere, and required guarantors; and Form 1919 provisions on taxpayer identification, financial-record access responsibilities, flood-insurance conditions, default-and-loss consequences for further assistance, and environmental stipulations."
24,E3-test_0056-3,test_0056,Intake and Profiling,Qwen3.5-27B,3,17,Report applicant-specific results as 'Cannot determine' when evidence is absent; do not treat unanswered items as 'No' or 'Not applicable.'
25,E3-test_0042-1,test_0042,"Execution, Monitoring, Reporting, and Operations",Qwen3.5-27B,1,10,Keep the entire brief between 180 and 240 whitespace-separated words
25,E3-test_0042-2,test_0042,"Execution, Monitoring, Reporting, and Operations",Qwen3.5-27B,2,0,"Use only the supplied § 240.10b-10 text; do not add external interpretation, market practice, or remembered facts"
25,E3-test_0042-3,test_0042,"Execution, Monitoring, Reporting, and Operations",Qwen3.5-27B,3,11,"Use a two-row table with columns 'Condition', 'Disclosure Outcome', and 'Rule Clause', with one row per branch"
26,E3-test_0242-1,test_0242,Decision and Structuring,Qwen3.5-27B,1,5,"Limit the matrix focus to business and project addresses, loan purposes with their dollar fields, the three employment measures, and ownership disclosures."
26,E3-test_0242-2,test_0242,Decision and Structuring,Qwen3.5-27B,2,0,Use only the supplied Form 1919 excerpt as the source; do not use other pages or external rules.
26,E3-test_0242-3,test_0242,Decision and Structuring,Qwen3.5-27B,3,9,"For addresses, preserve any address restrictions and the condition under which a separate project address is requested."
27,E3-test_0026-1,test_0026,Risk and Compliance Review,Qwen3.5-27B,1,4,Limit the brief to between 350 and 500 whitespace-separated words.
27,E3-test_0026-2,test_0026,Risk and Compliance Review,Qwen3.5-27B,2,7,"For each time window in the table, state the triggering event, the applicable period, and the timing consequence."
27,E3-test_0026-3,test_0026,Risk and Compliance Review,Qwen3.5-27B,3,17,Cover all named topics: plan review and approval timing; failure to submit or implement a compliance plan; failure to file a response to a proposed order; request for modification or rescission; judicial remedies; civil money penalties; and other enforcement action.
28,E3-test_0027-1,test_0027,Risk and Compliance Review,Qwen3.5-27B,1,3,"Organize the brief under exactly three level-2 headings, in order: Strategic Plan Evidence; Risk-Limit Breach Evidence; Independent Risk Management Communication Evidence."
28,E3-test_0027-2,test_0027,Risk and Compliance Review,Qwen3.5-27B,2,14,"Flag as a gap any breach-related requirement for which the supplied sections specify a requirement but no owner, record type, or communication evidence, and distinguish confirmed coverage from missing evidence."
28,E3-test_0027-3,test_0027,Risk and Compliance Review,Qwen3.5-27B,3,9,"For every entry, state the required review cadence where the supplied sections specify one."
29,E3-test_0005-1,test_0005,Intake and Profiling,Qwen3.5-27B,1,14,"Calculate projected monthly net cash flow as $1,765,000.00 inflows minus $1,606,150.00 outflows from the intake record; show inputs and units."
29,E3-test_0005-2,test_0005,Intake and Profiling,Qwen3.5-27B,2,22,"Under Readiness Conclusion, if any unresolved cash item or open exception remains in the operations report, assign 'Hold' and identify the specific item, amount, reference, and owner that must be cleared before finalizing the profile."
29,E3-test_0005-3,test_0005,Intake and Profiling,Qwen3.5-27B,3,3,Use level-2 headings in this exact order: Profile and Relationship; Cross-Record Verification; Open Evidence; Readiness Conclusion.
30,E3-test_0006-1,test_0006,Intake and Profiling,Qwen3.5-27B,1,1,Structure the brief with level-2 headings in this exact order: Source Status; Requirement Mapping; Compliance Analysis; Risk and Impact; Intake Decision and Open Items.
30,E3-test_0006-2,test_0006,Intake and Profiling,Qwen3.5-27B,2,12,"In Intake Decision and Open Items, provide a corrective-action and evidence-collection plan for each requirement whose intake evidence cannot be confirmed from the blank form."
30,E3-test_0006-3,test_0006,Intake and Profiling,Qwen3.5-27B,3,6,"For every mapped requirement, identify the supporting form language and the exact figure or rule used."
31,E3-test_0129-1,test_0129,"Execution, Monitoring, Reporting, and Operations",Qwen3.5-27B,1,17,"Derive proposed template‑validation checks from the decision table and, for each check, identify the needed input, the resulting content treatment, and any missing input that would prevent a determinate result."
31,E3-test_0129-2,test_0129,"Execution, Monitoring, Reporting, and Operations",Qwen3.5-27B,2,12,"Explain when the same benefit could also fall within the transaction‑remuneration provision, without treating the two provisions as mutually exclusive and without extending one provision’s relief to the other."
31,E3-test_0129-3,test_0129,"Execution, Monitoring, Reporting, and Operations",Qwen3.5-27B,3,1,"Treat the deliverable as a template‑design standard, not an assessment of completed trades or a certification of compliance with the full rule."
32,E3-test_0156-1,test_0156,Research and Due Diligence,Qwen3.5-27B,1,9,"For each focal year, compute operating margin as OperatingIncomeLoss divided by Revenues and show the change in operating margin in percentage points between the focal years."
32,E3-test_0156-2,test_0156,Research and Due Diligence,Qwen3.5-27B,2,2,Show those adjacent-year NetIncomeLoss comparisons and select the fiscal year with the largest positive dollar change (not a percentage growth rate from a loss base).
32,E3-test_0156-3,test_0156,Research and Due Diligence,Qwen3.5-27B,3,15,"For the selected year only, calculate the change in CashAndCashEquivalentsAtCarryingValue from the predecessor’s year-end balance, sum the selected year’s reported operating, investing, and financing cash flows using their reported signs, compute the residual as cash-balance change minus that cash-flow sum, and show the substitutions and signed residual."
33,E3-test_0231-1,test_0231,Intake and Profiling,Qwen3.5-27B,1,4,Label recommendations as reviewer judgment rather than SBA requirements.
33,E3-test_0231-2,test_0231,Intake and Profiling,Qwen3.5-27B,2,16,Reconcile the Purpose of the loan amounts across all relevant Forms 1919 to the total loan request; identify needed inputs and show a symbolic tie-out without providing amounts or claiming a numerical result.
33,E3-test_0231-3,test_0231,Intake and Profiling,Qwen3.5-27B,3,1,Prepare an application evidence and open-items checklist for prospective SBA loan intake.
34,E3-test_0003-1,test_0003,Intake and Profiling,Qwen3.5-27B,1,4,"Write in a neutral, conservative tone."
34,E3-test_0003-2,test_0003,Intake and Profiling,Qwen3.5-27B,2,7,Keep the brief between 350 and 450 whitespace-separated words.
34,E3-test_0003-3,test_0003,Intake and Profiling,Qwen3.5-27B,3,8,Use level-2 headings in this exact order: Purpose and Source Status; Civil Rights Certification Requirements; Debarment and Suspension Certification Requirements; Exception and Follow-Up Gate; Intake Status Determination.
35,E3-test_0044-1,test_0044,"Execution, Monitoring, Reporting, and Operations",Qwen3.5-27B,1,7,"Section 3: Compare the two open break amounts at risk using the same period and unit, labeling each as above, below, or roughly in line."
35,E3-test_0044-2,test_0044,"Execution, Monitoring, Reporting, and Operations",Qwen3.5-27B,2,1,"Use the TRANSACTION DESK SNAPSHOT as controlling evidence for the proposed facility, projections, and uncleared items."
35,E3-test_0044-3,test_0044,"Execution, Monitoring, Reporting, and Operations",Qwen3.5-27B,3,4,"Section 2: Calculate the unresolved cash variance as $2,085,000.00 (external cash) minus $2,035,000.00 (recorded cash) minus $30,000.00 (documented timing item), showing each input and its source."
36,E3-test_0052-1,test_0052,"Execution, Monitoring, Reporting, and Operations",Qwen3.5-27B,1,15,Do not invent transaction prices or a sign convention.
36,E3-test_0052-2,test_0052,"Execution, Monitoring, Reporting, and Operations",Qwen3.5-27B,2,16,"For security-futures, cover the transaction-identification fields."
36,E3-test_0052-3,test_0052,"Execution, Monitoring, Reporting, and Operations",Qwen3.5-27B,3,19,"For security-futures, distinguish information-availability notices from the underlying requested information."
37,E3-test_0079-1,test_0079,Risk and Compliance Review,Qwen3.5-27B,1,7,"Keep handbook guidance, illustrations, and reported research distinguishable from requirements proposed as analyst judgment; mixed classifications may be used where a passage serves more than one purpose."
37,E3-test_0079-2,test_0079,Risk and Compliance Review,Qwen3.5-27B,2,16,"Treat the baseline‑subtracted values as an analyst‑designed proxy for bar height in revenue‑axis units, not pixel measurements or a handbook‑mandated formula."
37,E3-test_0079-3,test_0079,Risk and Compliance Review,Qwen3.5-27B,3,23,Specify which concerns require revision versus which are subject to judgment‑based review.
38,E3-test_0148-1,test_0148,Research and Due Diligence,Qwen3.5-27B,1,7,"Assess whether liquidity strengthened or weakened, allowing a mixed conclusion if indicators diverge."
38,E3-test_0148-2,test_0148,Research and Due Diligence,Qwen3.5-27B,2,16,Provide one targeted evidence follow-up tied to a material limitation in the conclusions and label it as analyst judgment rather than a source requirement.
38,E3-test_0148-3,test_0148,Research and Due Diligence,Qwen3.5-27B,3,15,"End with separate but connected conclusions on profitability, liquidity, and cash generation, distinguishing demonstrated changes from unresolved questions."
39,E3-test_0188-1,test_0188,"Execution, Monitoring, Reporting, and Operations",Qwen3.5-27B,1,16,"Where the excerpts do not establish a retention term, mark it unresolved; do not import another rule or treat a communication trigger as a retention-clock rule."
39,E3-test_0188-2,test_0188,"Execution, Monitoring, Reporting, and Operations",Qwen3.5-27B,2,10,"Do not treat the paragraph (8) definition as a separate disclosure or preservation mandate, or as proof that provision (D) applies."
39,E3-test_0188-3,test_0188,"Execution, Monitoring, Reporting, and Operations",Qwen3.5-27B,3,12,Translate the map into an operational retention schedule.
40,E3-test_0025-1,test_0025,Risk and Compliance Review,Qwen3.5-27B,1,3,Organize the response using level-2 headings in this exact order: Scope and Source Roles; Requirement Matrix; Conditional Tests; Boundary and Caveats; Open Items.
40,E3-test_0025-2,test_0025,Risk and Compliance Review,Qwen3.5-27B,2,13,"If the risk-factor discussion is not longer than 15 pages, classify the summary requirement as not triggered."
40,E3-test_0025-3,test_0025,Risk and Compliance Review,Qwen3.5-27B,3,0,Use only the supplied § 229.105 rule text and SEC plain English handbook excerpts; do not use any other sources.
41,E3-test_0023-1,test_0023,Decision and Structuring,Qwen3.5-27B,1,3,"Define ESOP, ROBS, and EPC/OC on first use."
41,E3-test_0023-2,test_0023,Decision and Structuring,Qwen3.5-27B,2,2,Do not treat SBA Form 1920 as evidence that any specific applicant has met its requirements.
41,E3-test_0023-3,test_0023,Decision and Structuring,Qwen3.5-27B,3,9,"Document ESOP profile factors from the form: Qualified Employee Trust compliance with IRS, Treasury, and DOL regulations; the small business provides funds for the trust to repay the loan and adequate collateral; permitted use of loan proceeds; and the controlling interest requirement."
42,E3-test_0238-1,test_0238,Research and Due Diligence,Qwen3.5-27B,1,4,"For each metric, show the reported 2023 level and 2022–2023 growth where available, and mark missing levels as not provided in the excerpt."
42,E3-test_0238-2,test_0238,Research and Due Diligence,Qwen3.5-27B,2,9,Treat calculated results as approximations at the source’s reported precision and retain the consumer-count qualification in the reconstructed baseline.
42,E3-test_0238-3,test_0238,Research and Due Diligence,Qwen3.5-27B,3,3,"Build a compact evidence table covering: loan originations by number, inflation-adjusted origination dollars, and combined lender-reported consumers."
43,E3-test_0033-1,test_0033,Risk and Compliance Review,Qwen3.5-27B,1,11,Keep the complete brief between 220 and 320 whitespace-separated words.
43,E3-test_0033-2,test_0033,Risk and Compliance Review,Qwen3.5-27B,2,10,"When the supplied text does not establish a required input for any classification or comparison, use the exact phrase Not Determinable and do not import external SEC rules or market practice."
43,E3-test_0033-3,test_0033,Risk and Compliance Review,Qwen3.5-27B,3,1,Begin by stating that both excerpts are handbook guidance (not rule text or a current obligation) and that the handbook’s drafting examples are not mandatory prospectus requirements.
44,E3-test_0007-1,test_0007,Intake and Profiling,Qwen3.5-27B,1,6,"Under Covered Complaint Population, map each of the three topics to the specific report passage that establishes the governing standard, data source, or covered-issue response field."
44,E3-test_0007-2,test_0007,Intake and Profiling,Qwen3.5-27B,2,8,"Under Scope Limitations, classify each complaint category as Covered, Out of Scope, or Cannot Determine using the report’s stated coverage criteria."
44,E3-test_0007-3,test_0007,Intake and Profiling,Qwen3.5-27B,3,1,"Format the brief with exactly four level-2 headings, in this order and using these exact titles: Statutory Scope, Covered Complaint Population, Scope Limitations, Interpretation Limits."
45,E3-test_0178-1,test_0178,"Execution, Monitoring, Reporting, and Operations",Qwen3.5-27B,1,13,"Label the ratios as analyst-defined calculations, not reported metrics and not net-income return on assets."
45,E3-test_0178-2,test_0178,"Execution, Monitoring, Reporting, and Operations",Qwen3.5-27B,2,9,Include average assets defined as the simple average of opening and closing Assets; asset turnover defined as Revenues divided by average assets; and operating return on average assets defined as OperatingIncomeLoss divided by average assets.
45,E3-test_0178-3,test_0178,"Execution, Monitoring, Reporting, and Operations",Qwen3.5-27B,3,12,"Verify that operating margin multiplied by asset turnover reproduces operating return on average assets, allowing only for displayed rounding."
46,E3-test_0193-1,test_0193,Research and Due Diligence,Qwen3.5-27B,1,16,"State that any nonzero residual is an unreconciled difference between the selected reported concepts, not proof of an error or a basis for inventing reconciling items."
46,E3-test_0193-2,test_0193,Research and Due Diligence,Qwen3.5-27B,2,18,"Assess whether the latest period’s operating cash generation, cash remaining after PP&E payments, and short-term liquidity are consistent relative to the preceding period, using the computed results."
46,E3-test_0193-3,test_0193,Research and Due Diligence,Qwen3.5-27B,3,2,Display monetary amounts in USD billions to three decimals and ratios to two decimals.
47,E3-test_0237-1,test_0237,Intake and Profiling,Qwen3.5-27B,1,23,"Develop a targeted intake follow-up list limited to applicability facts, certification issues, and documentary obligations appearing on this page."
47,E3-test_0237-2,test_0237,Intake and Profiling,Qwen3.5-27B,2,9,Cite the paragraph heading and the operative language supporting each table entry.
47,E3-test_0237-3,test_0237,Intake and Profiling,Qwen3.5-27B,3,2,Make the analysis prospective by explaining what would need to be established or supplied to satisfy the page’s conditions.
48,E3-test_0136-1,test_0136,Research and Due Diligence,Qwen3.5-27B,1,23,"Conclude with a concise assessment of what the selected year’s cash generation, liquidity, and debt movements establish and what they do not."
48,E3-test_0136-2,test_0136,Research and Due Diligence,Qwen3.5-27B,2,25,Do not attribute the bridge residual to an unreported cause.
48,E3-test_0136-3,test_0136,Research and Due Diligence,Qwen3.5-27B,3,22,Do not present the proxy as reported free cash flow or as a second cash reconciliation and acknowledge it excludes other investing flows.
49,E3-test_0131-1,test_0131,Decision and Structuring,Qwen3.5-27B,1,13,"Based on the matrix, recommend which parameters can be used in a draft program and which operational decisions should remain open, bounding the gap review to: investigation steps; notification triggers and timing; notification exceptions; allocation of institutional responsibility; and application to affected records in a future event."
49,E3-test_0131-2,test_0131,Decision and Structuring,Qwen3.5-27B,2,6,Apply classification rules: use Partly supported when the excerpt provides only a high-level expectation lacking decision-critical detail; treat Not established as absence of evidence in the excerpt and not as evidence that no requirement exists.
49,E3-test_0131-3,test_0131,Decision and Structuring,Qwen3.5-27B,3,3,"Open with two separate sufficiency conclusions, one for program scope and one for the customer-notification decision rule."
50,E3-test_0028-1,test_0028,Risk and Compliance Review,Qwen3.5-27B,1,4,"In Source Status, state the status of each cited material and identify § 30.4 and Appendix A as current rule text and guidelines establishing standards."
50,E3-test_0028-2,test_0028,Risk and Compliance Review,Qwen3.5-27B,2,2,Structure the brief with level-2 headings in this exact order: Source Status; Governing Standards; Review and Approval Window; Failure Conditions; Supervisory Escalation; Evidence Required.
50,E3-test_0028-3,test_0028,Risk and Compliance Review,Qwen3.5-27B,3,7,Identify the section 39(c) requirement to prohibit excessive compensation arrangements and any compensatory arrangement that could lead to material financial loss.
